Run,ReleaseDate,LoadDate,spots,bases,spots_with_mates,avgLength,size_MB,AssemblyName,download_path,Experiment,LibraryName,LibraryStrategy,LibrarySelection,LibrarySource,LibraryLayout,InsertSize,InsertDev,Platform,Model,SRAStudy,BioProject,Study_Pubmed_id,ProjectID,Sample,BioSample,SampleType,TaxID,ScientificName,SampleName,g1k_pop_code,source,g1k_analysis_group,Subject_ID,Sex,Disease,Tumor,Affection_Status,Analyte_Type,Histological_Type,Body_Site,CenterName,Submission,dbgap_study_accession,Consent,RunHash,ReadHash
SRR6357070,2018-12-21 10:48:20,2017-12-07 11:50:09,47629288,9621116176,47629288,202,3367,,https://sra-downloadb.be-md.ncbi.nlm.nih.gov/sos12/sra-pub-zq-1214/SRR006/357/SRR6357070.sralite.1,SRX3453465,,RNA-Seq,cDNA,TRANSCRIPTOMIC,PAIRED,0,0,ILLUMINA,Illumina HiSeq 2500,SRP126328,PRJNA421472,3,421472,SRS2742168,SAMN08143838,simple,4932,Saccharomyces cerevisiae,GSM2879618,,,,,,,no,,,,,GEO,SRA636791,,public,ECBB088D1093A518BC6234CA304041E9,83416EF3CCCAA202F6BD7263DE80F8E3
SRR6357071,2018-12-21 10:48:20,2017-12-07 11:55:25,68628914,13863040628,68628914,202,4796,,https://sra-downloadb.be-md.ncbi.nlm.nih.gov/sos12/sra-pub-zq-1214/SRR006/357/SRR6357071.sralite.1,SRX3453466,,RNA-Seq,cDNA,TRANSCRIPTOMIC,PAIRED,0,0,ILLUMINA,Illumina HiSeq 2500,SRP126328,PRJNA421472,3,421472,SRS2742169,SAMN08143837,simple,4932,Saccharomyces cerevisiae,GSM2879619,,,,,,,no,,,,,GEO,SRA636791,,public,0DA68F01A3EB8260FA9D981EDB7BB7C5,95CFE0E502FAAE5D4ECCAF7C8E89D9B3
SRR6357072,2018-12-21 10:48:20,2017-12-07 11:45:30,54771596,11063862392,54771596,202,3727,,https://sra-downloadb.be-md.ncbi.nlm.nih.gov/sos12/sra-pub-zq-1214/SRR006/357/SRR6357072.sralite.1,SRX3453467,,RNA-Seq,cDNA,TRANSCRIPTOMIC,PAIRED,0,0,ILLUMINA,Illumina HiSeq 2500,SRP126328,PRJNA421472,3,421472,SRS2742170,SAMN08143836,simple,4932,Saccharomyces cerevisiae,GSM2879620,,,,,,,no,,,,,GEO,SRA636791,,public,3CC698D609B4705F75D24F96AF8BB0DE,91D2F1EA7FEBAAA0B75EE034914EDA2A
SRR6357073,2018-12-21 10:48:20,2017-12-07 11:52:51,56006930,11313399860,56006930,202,3926,,https://sra-downloadb.be-md.ncbi.nlm.nih.gov/sos12/sra-pub-zq-1214/SRR006/357/SRR6357073.sralite.1,SRX3453468,,RNA-Seq,cDNA,TRANSCRIPTOMIC,PAIRED,0,0,ILLUMINA,Illumina HiSeq 2500,SRP126328,PRJNA421472,3,421472,SRS2742172,SAMN08143835,simple,4932,Saccharomyces cerevisiae,GSM2879621,,,,,,,no,,,,,GEO,SRA636791,,public,BD400F793278949AD34BBD721C780AEB,73F37B298983901BA113B1691F6DE7EB
SRR6357074,2018-12-21 10:48:20,2017-12-07 12:13:59,56259979,11364515758,56259979,202,3962,,https://sra-downloadb.be-md.ncbi.nlm.nih.gov/sos12/sra-pub-zq-1214/SRR006/357/SRR6357074.sralite.1,SRX3453469,,RNA-Seq,cDNA,TRANSCRIPTOMIC,PAIRED,0,0,ILLUMINA,Illumina HiSeq 2500,SRP126328,PRJNA421472,3,421472,SRS2742171,SAMN08143834,simple,4932,Saccharomyces cerevisiae,GSM2879622,,,,,,,no,,,,,GEO,SRA636791,,public,16819AD1AAD564B7783E533E09CFBD6D,2703A1F30D73C4A1D060AF97EBFF05CF
SRR6357075,2018-12-21 10:48:20,2017-12-07 11:59:05,51876040,10478960080,51876040,202,3525,,https://sra-downloadb.be-md.ncbi.nlm.nih.gov/sos12/sra-pub-zq-1214/SRR006/357/SRR6357075.sralite.1,SRX3453470,,RNA-Seq,cDNA,TRANSCRIPTOMIC,PAIRED,0,0,ILLUMINA,Illumina HiSeq 2500,SRP126328,PRJNA421472,3,421472,SRS2742173,SAMN08143833,simple,4932,Saccharomyces cerevisiae,GSM2879623,,,,,,,no,,,,,GEO,SRA636791,,public,E07DE0F96295FADE93D97BAD3B096346,6AA0FCCF1CD9ECFC310F440E1B9CBD03
SRR6357076,2018-12-21 10:48:20,2017-12-07 11:45:24,54935434,11096957668,54935434,202,3865,,https://sra-downloadb.be-md.ncbi.nlm.nih.gov/sos12/sra-pub-zq-1214/SRR006/357/SRR6357076.sralite.1,SRX3453471,,RNA-Seq,cDNA,TRANSCRIPTOMIC,PAIRED,0,0,ILLUMINA,Illumina HiSeq 2500,SRP126328,PRJNA421472,3,421472,SRS2742175,SAMN08143850,simple,4932,Saccharomyces cerevisiae,GSM2879624,,,,,,,no,,,,,GEO,SRA636791,,public,701AEDDE8542893A37381CBCCF975355,0F218F27C74EB19CBCE4BAAFAEE36885
SRR6357077,2018-12-21 10:48:20,2017-12-07 11:47:24,57770345,11669609690,57770345,202,3939,,https://sra-downloadb.be-md.ncbi.nlm.nih.gov/sos12/sra-pub-zq-1214/SRR006/357/SRR6357077.sralite.1,SRX3453472,,RNA-Seq,cDNA,TRANSCRIPTOMIC,PAIRED,0,0,ILLUMINA,Illumina HiSeq 2500,SRP126328,PRJNA421472,3,421472,SRS2742174,SAMN08143849,simple,4932,Saccharomyces cerevisiae,GSM2879625,,,,,,,no,,,,,GEO,SRA636791,,public,A8535006A897A6B782879F44165C6E58,D4F62A68BE6431E0DE8AC951C3B9ADF9
SRR6357078,2018-12-21 10:48:20,2017-12-07 11:44:15,47537967,9602669334,47537967,202,3273,,https://sra-downloadb.be-md.ncbi.nlm.nih.gov/sos12/sra-pub-zq-1214/SRR006/357/SRR6357078.sralite.1,SRX3453473,,RNA-Seq,cDNA,TRANSCRIPTOMIC,PAIRED,0,0,ILLUMINA,Illumina HiSeq 2500,SRP126328,PRJNA421472,3,421472,SRS2742176,SAMN08143848,simple,4932,Saccharomyces cerevisiae,GSM2879626,,,,,,,no,,,,,GEO,SRA636791,,public,502040C1AAAA8D2F150BDA1E0721D062,2ECD31B217D97525C325FA18C208EDB7
SRR6357079,2018-12-21 10:48:20,2017-12-07 11:43:41,56870378,11487816356,56870378,202,3998,,https://sra-downloadb.be-md.ncbi.nlm.nih.gov/sos12/sra-pub-zq-1214/SRR006/357/SRR6357079.sralite.1,SRX3453474,,RNA-Seq,cDNA,TRANSCRIPTOMIC,PAIRED,0,0,ILLUMINA,Illumina HiSeq 2500,SRP126328,PRJNA421472,3,421472,SRS2742177,SAMN08143847,simple,4932,Saccharomyces cerevisiae,GSM2879627,,,,,,,no,,,,,GEO,SRA636791,,public,C292CE27E639688F496E0B8CBE633FD9,6F73A6D3C6C73A8769641FDD3605A466
SRR6357080,2018-12-21 10:48:20,2017-12-07 11:48:41,59113530,11940933060,59113530,202,4016,,https://sra-downloadb.be-md.ncbi.nlm.nih.gov/sos12/sra-pub-zq-1214/SRR006/357/SRR6357080.sralite.1,SRX3453475,,RNA-Seq,cDNA,TRANSCRIPTOMIC,PAIRED,0,0,ILLUMINA,Illumina HiSeq 2500,SRP126328,PRJNA421472,3,421472,SRS2742178,SAMN08143846,simple,4932,Saccharomyces cerevisiae,GSM2879628,,,,,,,no,,,,,GEO,SRA636791,,public,B0DFA05B76397820B2319704F4471389,1E00B01CEA75E5748647EEC52D298AF3
SRR6357081,2018-12-21 10:48:20,2017-12-07 11:55:51,48202638,9736932876,48202638,202,3266,,https://sra-downloadb.be-md.ncbi.nlm.nih.gov/sos12/sra-pub-zq-1214/SRR006/357/SRR6357081.sralite.1,SRX3453476,,RNA-Seq,cDNA,TRANSCRIPTOMIC,PAIRED,0,0,ILLUMINA,Illumina HiSeq 2500,SRP126328,PRJNA421472,3,421472,SRS2742179,SAMN08143845,simple,4932,Saccharomyces cerevisiae,GSM2879629,,,,,,,no,,,,,GEO,SRA636791,,public,87D5721F4B0B50BE260A0D303B86446C,3F803FCBE6280DED3E82A5D3C6AACB52
SRR6357082,2018-12-21 10:48:20,2017-12-07 11:51:03,49654398,10030188396,49654398,202,4403,,https://sra-downloadb.be-md.ncbi.nlm.nih.gov/sos12/sra-pub-zq-1214/SRR006/357/SRR6357082.sralite.1,SRX3453477,,RNA-Seq,cDNA,TRANSCRIPTOMIC,PAIRED,0,0,ILLUMINA,Illumina HiSeq 2500,SRP126328,PRJNA421472,3,421472,SRS2742180,SAMN08143844,simple,4932,Saccharomyces cerevisiae,GSM2879630,,,,,,,no,,,,,GEO,SRA636791,,public,1172F76EDFC97FFCD9AF8DE2C56F0ADA,5A26ABAB9656238F0755EFAE5501B7C2
SRR6357083,2018-12-21 10:48:20,2017-12-07 11:45:02,53739616,10855402432,53739616,202,4760,,https://sra-downloadb.be-md.ncbi.nlm.nih.gov/sos12/sra-pub-zq-1214/SRR006/357/SRR6357083.sralite.1,SRX3453478,,RNA-Seq,cDNA,TRANSCRIPTOMIC,PAIRED,0,0,ILLUMINA,Illumina HiSeq 2500,SRP126328,PRJNA421472,3,421472,SRS2742181,SAMN08143843,simple,4932,Saccharomyces cerevisiae,GSM2879631,,,,,,,no,,,,,GEO,SRA636791,,public,514DD59DBBA81C2C50B135F655067664,8F7CC280C9B6721A5E7EDF2F551934EE
SRR6357084,2018-12-21 10:48:20,2017-12-07 11:40:13,48888766,9875530732,48888766,202,4346,,https://sra-downloadb.be-md.ncbi.nlm.nih.gov/sos12/sra-pub-zq-1214/SRR006/357/SRR6357084.sralite.1,SRX3453479,,RNA-Seq,cDNA,TRANSCRIPTOMIC,PAIRED,0,0,ILLUMINA,Illumina HiSeq 2500,SRP126328,PRJNA421472,3,421472,SRS2742182,SAMN08143842,simple,4932,Saccharomyces cerevisiae,GSM2879632,,,,,,,no,,,,,GEO,SRA636791,,public,C18D307388086FA23B7FDC04537866ED,E2AA9F8FBF2F6CA5B403FF33854A9016
SRR6357085,2018-12-21 10:48:20,2017-12-07 11:40:39,50540353,10209151306,50540353,202,4472,,https://sra-downloadb.be-md.ncbi.nlm.nih.gov/sos12/sra-pub-zq-1214/SRR006/357/SRR6357085.sralite.1,SRX3453480,,RNA-Seq,cDNA,TRANSCRIPTOMIC,PAIRED,0,0,ILLUMINA,Illumina HiSeq 2500,SRP126328,PRJNA421472,3,421472,SRS2742183,SAMN08143841,simple,4932,Saccharomyces cerevisiae,GSM2879633,,,,,,,no,,,,,GEO,SRA636791,,public,0BD2D48E4F70C8B68558A229226FD591,D9AB9CE65814602E0DFBF52B1899E5A9
SRR6357086,2018-12-21 10:48:20,2017-12-07 11:45:55,55632304,11237725408,55632304,202,4938,,https://sra-downloadb.be-md.ncbi.nlm.nih.gov/sos12/sra-pub-zq-1214/SRR006/357/SRR6357086.sralite.1,SRX3453481,,RNA-Seq,cDNA,TRANSCRIPTOMIC,PAIRED,0,0,ILLUMINA,Illumina HiSeq 2500,SRP126328,PRJNA421472,3,421472,SRS2742184,SAMN08143840,simple,4932,Saccharomyces cerevisiae,GSM2879634,,,,,,,no,,,,,GEO,SRA636791,,public,1873FD40154EE43F7E7B40DA54759103,CADF7021337F61309C3B6B55E988E1CD
SRR6357087,2018-12-21 10:48:20,2017-12-07 12:15:54,57040052,11522090504,57040052,202,5071,,https://sra-downloadb.be-md.ncbi.nlm.nih.gov/sos12/sra-pub-zq-1214/SRR006/357/SRR6357087.sralite.1,SRX3453482,,RNA-Seq,cDNA,TRANSCRIPTOMIC,PAIRED,0,0,ILLUMINA,Illumina HiSeq 2500,SRP126328,PRJNA421472,3,421472,SRS2742185,SAMN08143839,simple,4932,Saccharomyces cerevisiae,GSM2879635,,,,,,,no,,,,,GEO,SRA636791,,public,93D63E4BFAB9054583A1CE648B7FAEBB,4B2F36B6A019A12C2C2A498B3A02977A
SRR6662192,2018-12-21 10:49:16,2018-02-01 11:53:21,39322607,2988518132,0,76,1297,,https://sra-downloadb.be-md.ncbi.nlm.nih.gov/sos12/sra-pub-zq-1214/SRR006/662/SRR6662192.sralite.1,SRX3639213,,RNA-Seq,cDNA,TRANSCRIPTOMIC,SINGLE,0,0,ILLUMINA,Illumina HiSeq 4000,SRP132072,PRJNA432634,3,432634,SRS2905464,SAMN08451829,simple,4932,Saccharomyces cerevisiae,GSM2976181,,,,,,,no,,,,,GEO,SRA654661,,public,3DBECC67535A70D636366520BDB56D37,5CCC5BD07DB2E871E230BEE40358944F
SRR6662193,2018-12-21 10:49:16,2018-02-01 12:00:25,31922336,2426097536,0,76,1054,,https://sra-downloadb.be-md.ncbi.nlm.nih.gov/sos12/sra-pub-zq-1214/SRR006/662/SRR6662193.sralite.1,SRX3639214,,RNA-Seq,cDNA,TRANSCRIPTOMIC,SINGLE,0,0,ILLUMINA,Illumina HiSeq 4000,SRP132072,PRJNA432634,3,432634,SRS2905463,SAMN08451828,simple,4932,Saccharomyces cerevisiae,GSM2976182,,,,,,,no,,,,,GEO,SRA654661,,public,709A3EBCFAC9F5200AC71778F6FED049,C949432067136C295E991EAB2C8FD717
SRR6662194,2018-12-21 10:49:16,2018-02-01 11:58:09,46749436,3552957136,0,76,1532,,https://sra-downloadb.be-md.ncbi.nlm.nih.gov/sos12/sra-pub-zq-1214/SRR006/662/SRR6662194.sralite.1,SRX3639215,,RNA-Seq,cDNA,TRANSCRIPTOMIC,SINGLE,0,0,ILLUMINA,Illumina HiSeq 4000,SRP132072,PRJNA432634,3,432634,SRS2905462,SAMN08451827,simple,4932,Saccharomyces cerevisiae,GSM2976183,,,,,,,no,,,,,GEO,SRA654661,,public,4645AB18BB02A6B253C79F4D536DCD32,556C2C155C76EBACE129691ACAE721B6
SRR6662195,2018-12-21 10:49:16,2018-02-01 11:52:40,37205322,2827604472,0,76,1215,,https://sra-downloadb.be-md.ncbi.nlm.nih.gov/sos12/sra-pub-zq-1214/SRR006/662/SRR6662195.sralite.1,SRX3639216,,RNA-Seq,cDNA,TRANSCRIPTOMIC,SINGLE,0,0,ILLUMINA,Illumina HiSeq 4000,SRP132072,PRJNA432634,3,432634,SRS2905465,SAMN08451830,simple,4932,Saccharomyces cerevisiae,GSM2976184,,,,,,,no,,,,,GEO,SRA654661,,public,724C8841FE1333407ED3E541E8602C44,A2C47ED94796498B9369783A5BF47383
SRR6662196,2018-12-21 10:49:16,2018-02-01 11:58:22,47401766,3602534216,0,76,1553,,https://sra-downloadb.be-md.ncbi.nlm.nih.gov/sos12/sra-pub-zq-1214/SRR006/662/SRR6662196.sralite.1,SRX3639217,,RNA-Seq,cDNA,TRANSCRIPTOMIC,SINGLE,0,0,ILLUMINA,Illumina HiSeq 4000,SRP132072,PRJNA432634,3,432634,SRS2905466,SAMN08451831,simple,4932,Saccharomyces cerevisiae,GSM2976185,,,,,,,no,,,,,GEO,SRA654661,,public,DB6658AA671ED7528D0F2C25A4178F02,F1F13B0AE869A16EB3941AD4DE353C24
SRR6662197,2018-12-21 10:49:16,2018-02-01 11:50:55,34166133,2596626108,0,76,1116,,https://sra-downloadb.be-md.ncbi.nlm.nih.gov/sos12/sra-pub-zq-1214/SRR006/662/SRR6662197.sralite.1,SRX3639218,,RNA-Seq,cDNA,TRANSCRIPTOMIC,SINGLE,0,0,ILLUMINA,Illumina HiSeq 4000,SRP132072,PRJNA432634,3,432634,SRS2905467,SAMN08451832,simple,4932,Saccharomyces cerevisiae,GSM2976186,,,,,,,no,,,,,GEO,SRA654661,,public,FA2F15CEC0F3BE9754BF6F31B92A5521,E2DF17E1238B7CE92CAB29B56C445CC4
SRR6662198,2018-12-21 10:49:16,2018-02-01 11:42:44,15554305,1182127180,0,76,515,,https://sra-downloadb.be-md.ncbi.nlm.nih.gov/sos12/sra-pub-zq-1214/SRR006/662/SRR6662198.sralite.1,SRX3639219,,RNA-Seq,cDNA,TRANSCRIPTOMIC,SINGLE,0,0,ILLUMINA,Illumina HiSeq 4000,SRP132072,PRJNA432634,3,432634,SRS2905468,SAMN08451833,simple,4932,Saccharomyces cerevisiae,GSM2976187,,,,,,,no,,,,,GEO,SRA654661,,public,ADC13F480BF057C20FEDDB248EA926B3,31BEE3B1091D8348EFB38DA2826DEB8A
SRR6662199,2018-12-21 10:49:17,2018-02-01 12:15:30,44414945,8971818890,44414945,202,2861,,https://sra-downloadb.be-md.ncbi.nlm.nih.gov/sos12/sra-pub-zq-1214/SRR006/662/SRR6662199.sralite.1,SRX3639220,,RNA-Seq,cDNA,TRANSCRIPTOMIC,PAIRED,0,0,ILLUMINA,Illumina HiSeq 2500,SRP132074,PRJNA432633,3,432633,SRS2905469,SAMN08451834,simple,4932,Saccharomyces cerevisiae,GSM2976206,,,,,,,no,,,,,GEO,SRA654662,,public,C190C5FBC231EE71A093D5A549EDCD3A,9845E9CA6524DC49CBD3B9AC46006776
SRR6662200,2018-12-21 10:49:17,2018-02-01 12:30:54,34344069,6937501938,34344069,202,2383,,https://sra-downloadb.be-md.ncbi.nlm.nih.gov/sos12/sra-pub-zq-1214/SRR006/662/SRR6662200.sralite.1,SRX3639221,,RNA-Seq,cDNA,TRANSCRIPTOMIC,PAIRED,0,0,ILLUMINA,Illumina HiSeq 2500,SRP132074,PRJNA432633,3,432633,SRS2905471,SAMN08451835,simple,4932,Saccharomyces cerevisiae,GSM2976207,,,,,,,no,,,,,GEO,SRA654662,,public,32086ED76D4E9EC4E7F82A0E65C585CE,BD46B3548A99E51F5CA0DBB6E30DC3EF
SRR6662201,2018-12-21 10:49:17,2018-02-01 12:12:47,39634822,8006234044,39634822,202,2528,,https://sra-downloadb.be-md.ncbi.nlm.nih.gov/sos12/sra-pub-zq-1214/SRR006/662/SRR6662201.sralite.1,SRX3639222,,RNA-Seq,cDNA,TRANSCRIPTOMIC,PAIRED,0,0,ILLUMINA,Illumina HiSeq 2500,SRP132074,PRJNA432633,3,432633,SRS2905470,SAMN08451836,simple,4932,Saccharomyces cerevisiae,GSM2976208,,,,,,,no,,,,,GEO,SRA654662,,public,3513842591CCBA043D7E9B473D54FD27,1B37FE0B85522F52EFF564FCFE53DDFE
SRR6662202,2018-12-21 10:49:17,2018-02-01 11:58:47,37771940,7629931880,37771940,202,2425,,https://sra-downloadb.be-md.ncbi.nlm.nih.gov/sos12/sra-pub-zq-1214/SRR006/662/SRR6662202.sralite.1,SRX3639223,,RNA-Seq,cDNA,TRANSCRIPTOMIC,PAIRED,0,0,ILLUMINA,Illumina HiSeq 2500,SRP132074,PRJNA432633,3,432633,SRS2905473,SAMN08451857,simple,4932,Saccharomyces cerevisiae,GSM2976209,,,,,,,no,,,,,GEO,SRA654662,,public,03487576D5229A0738115F4DC0EE7E07,E06F10635D598CA2B34F114B7B456B42
SRR6662203,2018-12-21 10:49:17,2018-02-01 12:06:07,36506549,7374322898,36506549,202,2290,,https://sra-downloadb.be-md.ncbi.nlm.nih.gov/sos12/sra-pub-zq-1214/SRR006/662/SRR6662203.sralite.1,SRX3639224,,RNA-Seq,cDNA,TRANSCRIPTOMIC,PAIRED,0,0,ILLUMINA,Illumina HiSeq 2500,SRP132074,PRJNA432633,3,432633,SRS2905472,SAMN08451856,simple,4932,Saccharomyces cerevisiae,GSM2976210,,,,,,,no,,,,,GEO,SRA654662,,public,AE4E7C3A3D18CB68F1C00358659F7AB2,25B267604BE592363A25BB674A1B16BE
SRR6662204,2018-12-21 10:49:17,2018-02-01 12:03:03,37495875,7574166750,37495875,202,2336,,https://sra-downloadb.be-md.ncbi.nlm.nih.gov/sos12/sra-pub-zq-1214/SRR006/662/SRR6662204.sralite.1,SRX3639225,,RNA-Seq,cDNA,TRANSCRIPTOMIC,PAIRED,0,0,ILLUMINA,Illumina HiSeq 2500,SRP132074,PRJNA432633,3,432633,SRS2905474,SAMN08451855,simple,4932,Saccharomyces cerevisiae,GSM2976211,,,,,,,no,,,,,GEO,SRA654662,,public,060FABD0100AC21A71110632FC6515EF,3F257986667C26BDC25B5D83B2307C12
SRR6662205,2018-12-21 10:49:17,2018-02-01 12:35:16,41920149,8467870098,41920149,202,2696,,https://sra-downloadb.be-md.ncbi.nlm.nih.gov/sos12/sra-pub-zq-1214/SRR006/662/SRR6662205.sralite.1,SRX3639226,,RNA-Seq,cDNA,TRANSCRIPTOMIC,PAIRED,0,0,ILLUMINA,Illumina HiSeq 2500,SRP132074,PRJNA432633,3,432633,SRS2905477,SAMN08451854,simple,4932,Saccharomyces cerevisiae,GSM2976212,,,,,,,no,,,,,GEO,SRA654662,,public,4A1B04B034D51FFD476F332EB1FCC44B,CC3B36C6970A5251FD741B6AB87936D0
SRR6662206,2018-12-21 10:49:17,2018-02-01 12:24:35,40533273,8187721146,40533273,202,2562,,https://sra-downloadb.be-md.ncbi.nlm.nih.gov/sos12/sra-pub-zq-1214/SRR006/662/SRR6662206.sralite.1,SRX3639227,,RNA-Seq,cDNA,TRANSCRIPTOMIC,PAIRED,0,0,ILLUMINA,Illumina HiSeq 2500,SRP132074,PRJNA432633,3,432633,SRS2905476,SAMN08451853,simple,4932,Saccharomyces cerevisiae,GSM2976213,,,,,,,no,,,,,GEO,SRA654662,,public,D219A68E2A3BFA84797EC126CAE8D710,295DB51678430C0E7D9E63790D2B7578
SRR6662207,2018-12-21 10:49:17,2018-02-01 12:04:54,32558119,6576740038,32558119,202,2060,,https://sra-downloadb.be-md.ncbi.nlm.nih.gov/sos12/sra-pub-zq-1214/SRR006/662/SRR6662207.sralite.1,SRX3639228,,RNA-Seq,cDNA,TRANSCRIPTOMIC,PAIRED,0,0,ILLUMINA,Illumina HiSeq 2500,SRP132074,PRJNA432633,3,432633,SRS2905475,SAMN08451852,simple,4932,Saccharomyces cerevisiae,GSM2976214,,,,,,,no,,,,,GEO,SRA654662,,public,855AE248F02B775AEE4E04D70CA54DE3,CEA1A31E50DD09FA4A4EDF7B9F1285CA
SRR6662208,2018-12-21 10:49:17,2018-02-01 12:17:39,32772223,6619989046,32772223,202,2084,,https://sra-downloadb.be-md.ncbi.nlm.nih.gov/sos12/sra-pub-zq-1214/SRR006/662/SRR6662208.sralite.1,SRX3639229,,RNA-Seq,cDNA,TRANSCRIPTOMIC,PAIRED,0,0,ILLUMINA,Illumina HiSeq 2500,SRP132074,PRJNA432633,3,432633,SRS2905478,SAMN08451851,simple,4932,Saccharomyces cerevisiae,GSM2976215,,,,,,,no,,,,,GEO,SRA654662,,public,2962FE4D90DBAB740256461E16C58A14,63530B6243600EFA36272E242DA16524
SRR6662209,2018-12-21 10:49:17,2018-02-01 12:09:05,39155774,7909466348,39155774,202,2461,,https://sra-downloadb.be-md.ncbi.nlm.nih.gov/sos12/sra-pub-zq-1214/SRR006/662/SRR6662209.sralite.1,SRX3639230,,RNA-Seq,cDNA,TRANSCRIPTOMIC,PAIRED,0,0,ILLUMINA,Illumina HiSeq 2500,SRP132074,PRJNA432633,3,432633,SRS2905479,SAMN08451850,simple,4932,Saccharomyces cerevisiae,GSM2976216,,,,,,,no,,,,,GEO,SRA654662,,public,B9EBC860D7AD457E88E69FC058E1F313,BEA5305DBF8E339FA6D244FC27468159
SRR6662210,2018-12-21 10:49:17,2018-02-01 11:57:54,38085862,7693344124,38085862,202,2376,,https://sra-downloadb.be-md.ncbi.nlm.nih.gov/sos12/sra-pub-zq-1214/SRR006/662/SRR6662210.sralite.1,SRX3639231,,RNA-Seq,cDNA,TRANSCRIPTOMIC,PAIRED,0,0,ILLUMINA,Illumina HiSeq 2500,SRP132074,PRJNA432633,3,432633,SRS2905480,SAMN08451849,simple,4932,Saccharomyces cerevisiae,GSM2976217,,,,,,,no,,,,,GEO,SRA654662,,public,DB6315FD8ECB0BA0759712BCD92D89F3,D18EA915D6E18629D80C17224AF26A19
SRR6662211,2018-12-21 10:49:17,2018-02-01 12:05:20,34770674,7023676148,34770674,202,2222,,https://sra-downloadb.be-md.ncbi.nlm.nih.gov/sos12/sra-pub-zq-1214/SRR006/662/SRR6662211.sralite.1,SRX3639232,,RNA-Seq,cDNA,TRANSCRIPTOMIC,PAIRED,0,0,ILLUMINA,Illumina HiSeq 2500,SRP132074,PRJNA432633,3,432633,SRS2905481,SAMN08451848,simple,4932,Saccharomyces cerevisiae,GSM2976218,,,,,,,no,,,,,GEO,SRA654662,,public,AA947EAF52E264677EEA412CA135D223,5D010A38D85E1F1FAF8B40701BE285D3
SRR6662212,2018-12-21 10:49:17,2018-02-01 12:16:44,38610851,7799391902,38610851,202,2464,,https://sra-downloadb.be-md.ncbi.nlm.nih.gov/sos12/sra-pub-zq-1214/SRR006/662/SRR6662212.sralite.1,SRX3639233,,RNA-Seq,cDNA,TRANSCRIPTOMIC,PAIRED,0,0,ILLUMINA,Illumina HiSeq 2500,SRP132074,PRJNA432633,3,432633,SRS2905483,SAMN08451847,simple,4932,Saccharomyces cerevisiae,GSM2976219,,,,,,,no,,,,,GEO,SRA654662,,public,7F3444BCE19BD22BE6A10937D363E7E4,FC2E48417EA65BF459973AC586F290AB
SRR6662213,2018-12-21 10:49:17,2018-02-01 12:10:06,42221493,8528741586,42221493,202,2712,,https://sra-downloadb.be-md.ncbi.nlm.nih.gov/sos12/sra-pub-zq-1214/SRR006/662/SRR6662213.sralite.1,SRX3639234,,RNA-Seq,cDNA,TRANSCRIPTOMIC,PAIRED,0,0,ILLUMINA,Illumina HiSeq 2500,SRP132074,PRJNA432633,3,432633,SRS2905482,SAMN08451846,simple,4932,Saccharomyces cerevisiae,GSM2976220,,,,,,,no,,,,,GEO,SRA654662,,public,2E1F9CFB91FAFBF9433E57AAC89D1383,2B40250A884B27925715ECDC1CF960CB
SRR6662214,2018-12-21 10:49:17,2018-02-01 12:03:14,38337527,7744180454,38337527,202,2466,,https://sra-downloadb.be-md.ncbi.nlm.nih.gov/sos12/sra-pub-zq-1214/SRR006/662/SRR6662214.sralite.1,SRX3639235,,RNA-Seq,cDNA,TRANSCRIPTOMIC,PAIRED,0,0,ILLUMINA,Illumina HiSeq 2500,SRP132074,PRJNA432633,3,432633,SRS2905484,SAMN08451845,simple,4932,Saccharomyces cerevisiae,GSM2976221,,,,,,,no,,,,,GEO,SRA654662,,public,2D2294AB3D7D3623C9DA1609CA63EF3C,1B33783C1BC9A47F7E092BD4F3225489
SRR6662215,2018-12-21 10:49:17,2018-02-01 12:12:05,35571111,7185364422,35571111,202,2223,,https://sra-downloadb.be-md.ncbi.nlm.nih.gov/sos12/sra-pub-zq-1214/SRR006/662/SRR6662215.sralite.1,SRX3639236,,RNA-Seq,cDNA,TRANSCRIPTOMIC,PAIRED,0,0,ILLUMINA,Illumina HiSeq 2500,SRP132074,PRJNA432633,3,432633,SRS2905485,SAMN08451844,simple,4932,Saccharomyces cerevisiae,GSM2976222,,,,,,,no,,,,,GEO,SRA654662,,public,7D45AAC3FFA2F91EF3DF1F8F96121C7C,07E8A7436FC4E6606F2FD23070DC862C
SRR6662216,2018-12-21 10:49:18,2018-02-01 11:58:30,36424845,7357818690,36424845,202,2408,,https://sra-downloadb.be-md.ncbi.nlm.nih.gov/sos12/sra-pub-zq-1214/SRR006/662/SRR6662216.sralite.1,SRX3639237,,RNA-Seq,cDNA,TRANSCRIPTOMIC,PAIRED,0,0,ILLUMINA,Illumina HiSeq 2500,SRP132074,PRJNA432633,3,432633,SRS2905486,SAMN08451843,simple,4932,Saccharomyces cerevisiae,GSM2976223,,,,,,,no,,,,,GEO,SRA654662,,public,B8C57AAD25D3BECEE83C2BFCE1387A00,7235A931DBBC13E53AE89B5F97DA263F
SRR6662217,2018-12-21 10:49:18,2018-02-01 12:20:44,38100221,7696244642,38100221,202,2408,,https://sra-downloadb.be-md.ncbi.nlm.nih.gov/sos12/sra-pub-zq-1214/SRR006/662/SRR6662217.sralite.1,SRX3639238,,RNA-Seq,cDNA,TRANSCRIPTOMIC,PAIRED,0,0,ILLUMINA,Illumina HiSeq 2500,SRP132074,PRJNA432633,3,432633,SRS2905487,SAMN08451842,simple,4932,Saccharomyces cerevisiae,GSM2976224,,,,,,,no,,,,,GEO,SRA654662,,public,C28D970DD8BF3CABB5A761E8EE2EDC5B,1463F4BF05CE14E30FA8C5D9608C2957
SRR6662218,2018-12-21 10:49:18,2018-02-01 11:59:03,29882116,6036187432,29882116,202,1836,,https://sra-downloadb.be-md.ncbi.nlm.nih.gov/sos12/sra-pub-zq-1214/SRR006/662/SRR6662218.sralite.1,SRX3639239,,RNA-Seq,cDNA,TRANSCRIPTOMIC,PAIRED,0,0,ILLUMINA,Illumina HiSeq 2500,SRP132074,PRJNA432633,3,432633,SRS2905488,SAMN08451841,simple,4932,Saccharomyces cerevisiae,GSM2976225,,,,,,,no,,,,,GEO,SRA654662,,public,AFF3CA07C98582E21CC3B8581D344388,CAA751A59B85DD4D50B6DCD685CBDDDE
SRR6662219,2018-12-21 10:49:18,2018-02-01 11:54:09,31378904,6338538608,31378904,202,1917,,https://sra-downloadb.be-md.ncbi.nlm.nih.gov/sos12/sra-pub-zq-1214/SRR006/662/SRR6662219.sralite.1,SRX3639240,,RNA-Seq,cDNA,TRANSCRIPTOMIC,PAIRED,0,0,ILLUMINA,Illumina HiSeq 2500,SRP132074,PRJNA432633,3,432633,SRS2905489,SAMN08451840,simple,4932,Saccharomyces cerevisiae,GSM2976226,,,,,,,no,,,,,GEO,SRA654662,,public,FECA128B26F7D8FB7A20CE4990CAC609,04626DD2ADEA4E09260023D2BBE73DCF
SRR6662220,2018-12-21 10:49:18,2018-02-01 11:57:22,31032599,6268584998,31032599,202,1905,,https://sra-downloadb.be-md.ncbi.nlm.nih.gov/sos12/sra-pub-zq-1214/SRR006/662/SRR6662220.sralite.1,SRX3639241,,RNA-Seq,cDNA,TRANSCRIPTOMIC,PAIRED,0,0,ILLUMINA,Illumina HiSeq 2500,SRP132074,PRJNA432633,3,432633,SRS2905490,SAMN08451839,simple,4932,Saccharomyces cerevisiae,GSM2976227,,,,,,,no,,,,,GEO,SRA654662,,public,B59CF767363D3ADA4077338EE0E78A3B,ACC65643B738314773E5081D3560E457
SRR6662221,2018-12-21 10:49:18,2018-02-01 12:05:09,36100022,7292204444,36100022,202,2180,,https://sra-downloadb.be-md.ncbi.nlm.nih.gov/sos12/sra-pub-zq-1214/SRR006/662/SRR6662221.sralite.1,SRX3639242,,RNA-Seq,cDNA,TRANSCRIPTOMIC,PAIRED,0,0,ILLUMINA,Illumina HiSeq 2500,SRP132074,PRJNA432633,3,432633,SRS2905491,SAMN08451838,simple,4932,Saccharomyces cerevisiae,GSM2976228,,,,,,,no,,,,,GEO,SRA654662,,public,1B6A9E44EB6D640016E58865338139A1,7217D91F08AB398395E8103986A035D5
SRR6662222,2018-12-21 10:49:18,2018-02-01 12:08:02,36454963,7363902526,36454963,202,2226,,https://sra-downloadb.be-md.ncbi.nlm.nih.gov/sos12/sra-pub-zq-1214/SRR006/662/SRR6662222.sralite.1,SRX3639243,,RNA-Seq,cDNA,TRANSCRIPTOMIC,PAIRED,0,0,ILLUMINA,Illumina HiSeq 2500,SRP132074,PRJNA432633,3,432633,SRS2905492,SAMN08451837,simple,4932,Saccharomyces cerevisiae,GSM2976229,,,,,,,no,,,,,GEO,SRA654662,,public,53C49D14C6DBA9510F359BA9FC1AE434,38FC11512B3596442C19F38111914AD6
